ensembl_id,detect_frac,mean_expr,log_subtype_f,log_donor_f,libsize_corr,breadth_over_depth,subtype_over_donor,is_ambient,loao_score
ENSG00000107796,0.02821011673151751,0.04949794,2.3254884776716707,1.5953407058202982,0.014898043655595907,0.5699250702783165,1.4576751343381178,1,0.6201419434756975
ENSG00000204305,0.010194552529182879,0.0183611,2.335337190461013,1.88496677389437,0.013669985440607667,0.5552255591708235,1.2389275093884924,1,0.6950286441025779
ENSG00000127152,0.17112840466926071,0.3148069,2.1651583663153473,2.507889379845243,0.04716404922059005,0.5435979964856364,0.8633388632352497,0,0.5834695648377894
ENSG00000126353,0.12050583657587549,0.23499006,6.861955522067512,2.855286355383485,0.18794921161008976,0.512812484097991,2.4032460033753438,0,0.005059613373095476
ENSG00000116824,0.6966536964980544,1.6497816,2.459050883168162,3.167998189890727,0.04091724543083445,0.42227025864637574,0.7762160000643755,0,0.017485130198507993
ENSG00000198821,0.26715953307393,0.493874,5.45625013837695,2.4259013779349887,0.12804012717300486,0.5409467309724839,2.249164037748929,0,0.01750885201753793
ENSG00000139193,0.17684824902723736,0.34082305,5.462223102194457,2.638825880733655,0.06897397484921251,0.5188858171093198,2.069944493903414,0,0.08299426301637713
ENSG00000178562,0.07929961089494164,0.13463233,5.164524508237629,2.395620225320174,0.10832618607185325,0.5890086613837682,2.155819379738035,0,0.13090101597651707
ENSG00000167286,0.7860311284046693,1.9683998,5.804827477307038,3.1801389269856206,0.09282922672365355,0.3993249456420615,1.8253377008309817,0,0.0002535780242671058
ENSG00000198851,0.612568093385214,1.3164332,4.039156642695267,3.4119390995834737,0.18300267170232917,0.4653241026083169,1.1838302281504272,0,0.0020477333692192194
ENSG00000160654,0.42447470817120625,0.84742874,5.391631501987263,2.6078545987646713,0.12885974271833353,0.5008972301748861,2.067458632295395,0,0.0057222432379468125
ENSG00000110448,0.11914396887159533,0.20836519,3.8806127807724167,2.5555228295553656,0.1119464147374673,0.5718036230477754,1.5185200992501418,0,0.19888599199210152
ENSG00000013725,0.22544747081712063,0.41407615,4.7502776480758335,2.8717931956686416,0.11985173023094782,0.5444589627032111,1.6541155035955935,0,0.06989943050401326
ENSG00000129226,0.04536964980544747,0.08084037,2.1902962051574737,2.727328367125523,0.021258946136293148,0.5612251519387781,0.8030922244489188,1,0.8519438211206175
ENSG00000110848,0.7075486381322957,1.9108269,3.9398864195883565,4.65444491764501,0.05509516976115299,0.3702840012273668,0.8464782566557485,0,0.007019522803276212
ENSG00000173762,0.3985992217898833,0.86852896,6.885073131808676,3.4811203882537476,0.10825499182130474,0.45893601614609414,1.9778325262868806,0,0.006325321821173541
ENSG00000153563,0.24583657587548638,0.55629283,9.026655799475154,3.415294312072945,0.045871342371388533,0.44191936652651137,2.6430096427023124,0,0.010788551812174474
ENSG00000172116,0.193579766536965,0.41398397,8.5792022401975,3.034021221405362,0.03576936731753782,0.46760208161015854,2.8276671829683524,0,0.020502767911038867
ENSG00000108821,0.008988326848249028,0.014743331,0.2360461357462164,2.1416209698881814,0.040870207981032636,0.60965374217372,0.11021844624473437,1,0.9343429518058194
ENSG00000164692,0.005836575875486381,0.009342524,1.4292124521089096,2.1753976266416424,0.03533133141849041,0.6247322175626839,0.6569890647142581,1,0.9051996685954629
ENSG00000163599,0.06501945525291829,0.12282425,4.274823047840436,3.251392602922481,0.026281769348725784,0.5293698465777261,1.3147667999238404,0,0.6893266263675177
ENSG00000172543,0.307704280155642,0.6667028,8.67311707965066,3.904251606467001,0.027651347445519985,0.46153140042036156,2.221454443480157,0,0.03624276092207069
ENSG00000011465,0.013891050583657588,0.023880115,1.4366801068166741,3.2953175392832437,0.025874364010941352,0.5816994898175796,0.43597622677939646,1,0.9585806518858178
ENSG00000119888,0.007665369649805447,0.014277536,0.6610765455610657,1.9939755157028352,-0.015820849938040425,0.5368832145289697,0.3315369423320375,1,0.9206733589661713
ENSG00000085265,0.007276264591439689,0.012769606,0.9986809685643105,1.4972142880155552,0.006466142084257467,0.5698112073083776,0.6670260740618412,1,0.8294066957695988
ENSG00000049768,0.005680933852140078,0.010861619,3.696574346031812,1.2676623884039226,-0.013524685563853573,0.5230282571747863,2.916055867750453,0,0.38920036617799514
ENSG00000145649,0.5242023346303502,1.3697295,8.716169329211947,2.881748405415798,-0.053296557936411484,0.3827049993454233,3.02461148684294,0,0.0028285110551395974
ENSG00000113088,0.25431906614785993,0.68462497,8.380228893149644,2.7727743966131513,-0.040724528477322504,0.3714720866272144,3.0223262676494005,0,0.011250834283625336
ENSG00000206172,0.018210116731517508,0.030699411,4.196198797258167,5.337088974464583,0.1121914731599271,0.5931747840383094,0.7862336223613603,1,0.8910034267307645
ENSG00000188536,0.02680933852140078,0.04615712,3.8962747142214456,5.149163983222929,0.11674411566410932,0.5808277803770997,0.7566810315065392,1,0.8506396066350196
ENSG00000244734,0.05073929961089494,0.09897544,3.7539432314718306,6.016770056755051,0.1422838613490518,0.5126453431904333,0.6239133614982119,1,0.7161695328516594
ENSG00000163600,0.14431906614785991,0.2679555,5.423662554902209,3.189609478831997,0.12804980239390956,0.5385933850506381,1.7004158631006763,0,0.07921682349345127
ENSG00000030419,0.013501945525291829,0.02487367,4.645691517199162,1.5221543793924859,5.954919367795097e-05,0.5428207989349775,3.0520501600194625,0,0.2999448331839943
ENSG00000168685,0.5205058365758755,1.3099266,7.74546746763282,4.488566055111868,0.21421227591620925,0.39735495487012074,1.725599528341971,0,0.00020287541405165568
ENSG00000113263,0.1814396887159533,0.3320269,4.530522752090755,3.3788390064706775,0.09083418996950912,0.5464608118752116,1.3408519149372122,0,0.27546507340077453
ENSG00000111057,0.022996108949416342,0.042239163,1.9248494463269008,3.0024984656289173,-0.005873506376126177,0.5444262451603786,0.6410825745163913,1,0.9350026292368376
ENSG00000171345,0.021206225680933853,0.040226094,1.744206630258665,3.38487038260196,-0.014744196436927096,0.5271758539874468,0.5152949546380822,1,0.9592275977561687
ENSG00000170421,0.01926070038910506,0.035809904,1.07253180446816,2.8494366071744563,-0.017401908249569355,0.5378595878917852,0.3764013565936806,1,0.9594605366187826
ENSG00000213658,0.2865758754863813,0.53718555,0.11385810841417106,2.5629794218089494,0.09124936417794326,0.533476515939803,0.04442412117917438,0,0.6171708441301434
ENSG00000182866,0.4388715953307393,0.8677866,4.629949246195881,2.962993487657357,0.11305064094274501,0.5057367816777795,1.562591772638851,0,0.01976856750741051
ENSG00000138795,0.07910505836575875,0.13750301,6.346917132180285,2.5009098751695746,0.10418969601426555,0.5752969090011734,2.5378432046656343,0,0.06931771126609243
ENSG00000139329,0.010233463035019456,0.017443947,1.1343562915832006,2.5631226187364837,0.03204354478039417,0.5866483511557087,0.442568093813004,1,0.921059933077615
ENSG00000090382,0.18268482490272372,0.35776684,0.4463857712247926,4.713525499043721,-0.015133663912833665,0.5106253740425991,0.09470316248747467,1,0.9865361116133511
ENSG00000019169,0.05221789883268482,0.093949445,1.0238226521430025,3.3571482591562143,0.01735305062269489,0.555808488910767,0.3049679588474088,1,0.9571871062914251
ENSG00000185499,0.0188715953307393,0.03618115,2.131857221820949,3.0457303975919694,-0.04242614427166082,0.5215864144739383,0.6999494188672932,1,0.9557467308939414
ENSG00000131400,0.03054474708171206,0.059733324,0.9990626417263226,3.741285878236683,-0.05182231906534836,0.51135187467681,0.2670372364587103,1,0.9889209086838605
ENSG00000105374,0.41649805447470817,1.25565,10.177595402682817,3.99531607839412,0.015495481937802608,0.331699151873472,2.5473817848157854,0,0.0008270045955831042
ENSG00000188389,0.0719455252918288,0.13376722,5.044009858779844,2.7083987756193584,0.021751419993977145,0.5378412341338821,1.862358639423907,0,0.4494132426936334
ENSG00000261371,0.02603112840466926,0.04607146,5.504700165346279,1.5388598588987379,0.022891130845141553,0.5650163722013962,3.577128959153977,1,0.01928733295725242
ENSG00000180644,0.22669260700389104,0.48231018,8.534486904857117,3.1712554032078133,0.042259457990667326,0.47001414926173524,2.691201376030529,0,0.019340421354811423
ENSG00000020633,0.23377431906614787,0.4421711,7.101081784821293,3.7966529776021765,0.13226946117183033,0.5286965176083361,1.8703531312219295,0,0.035317227218877166
ENSG00000143546,0.0522568093385214,0.09436922,0.40026197981284595,3.0521261127477324,0.012873074012216249,0.5537484635622396,0.13114201871969922,1,0.9609774652255819
ENSG00000163220,0.10272373540856031,0.18766847,2.6483486421063143,3.771748572087196,0.03484067656163459,0.5473681009098824,0.7021540782716545,1,0.8732976706781982
ENSG00000149021,0.16929961089494164,0.3539863,1.436234907588487,5.1131178034640765,-0.06964021638407357,0.47826600692103893,0.28089219978766283,1,0.9929665124598704
ENSG00000161055,0.14723735408560312,0.30539873,3.961278008987543,5.038229446426108,-0.08395180398289251,0.4821151447390136,0.7862440667122642,1,0.9822124015571031
ENSG00000164265,0.0995330739299611,0.22731753,4.717731421263659,5.71789570199606,-0.14921587729602853,0.43785921513105125,0.8250817550968526,1,0.9960165759638199
ENSG00000188404,0.10404669260700389,0.20272735,6.291663724757376,2.9111044135099475,0.13372036483929078,0.513234616998706,2.161263503829962,0,0.02624156312755622
ENSG00000122852,0.06610894941634242,0.119690254,0.571154892881438,4.255097903902705,0.027539837207759304,0.5523336029825917,0.1342283787072406,1,0.9818452852782321
ENSG00000185303,0.07470817120622568,0.13699602,0.9718579517145088,4.431901124221317,0.028627071820646534,0.5453309770504909,0.21928692100170982,1,0.9781787336488861
ENSG00000168878,0.06571984435797665,0.120982304,0.6093830224221021,4.064264859082651,-0.009580265553141029,0.543218653208575,0.14993683816158734,1,0.9881175945253132
ENSG00000168484,0.28249027237354085,0.59692746,2.829578683893093,5.257150894254135,0.09342679097424789,0.47324053491631296,0.5382342528889011,1,0.385162400354807
ENSG00000141293,0.22614785992217898,0.41387293,1.2699909414041721,2.077482038409089,0.09236327616316926,0.5464185863229918,0.6113125976177951,0,0.3380676149785434
ENSG00000124107,0.05630350194552529,0.10341352,0.34501743312456723,3.2383305551758887,0.0007326467485568602,0.5444500943788746,0.10654175886186755,1,0.9718840772422958
ENSG00000081059,0.1433852140077821,0.25276172,4.459652432433434,2.56598399491293,0.12644653800134184,0.5672742418982205,1.7379891851526381,0,0.0971151597178705
ENSG00000172673,0.11015564202334631,0.19630021,3.3847039491516133,2.160323596582095,0.05850924858798625,0.5611590676678571,1.5667578479939963,0,0.3511073531394826
ENSG00000277734,0.7837354085603113,2.050315,3.543815353208099,3.555972293890085,0.1039529902323157,0.3822512372682111,0.9965812611355623,0,0.0006999452192974145
ENSG00000211751,0.47494163424124514,1.1992915,3.8871859795450177,2.562800904437574,0.052621452913633314,0.3960185218071337,1.5167725174492592,0,0.006676352810754276
ENSG00000211772,0.5926070038910506,1.3999969,1.9923429327370425,2.929923245929199,0.09127384799628216,0.4232916613934744,0.6799983363063112,0,0.012186568905724119
ENSG00000038427,0.0050972762645914394,0.008858515,1.4671379074848347,1.202730188534565,0.008710818719032232,0.5754097942540505,1.2198395961711332,1,0.695400897020873
ENSG00000101443,0.03603112840466926,0.07022313,1.2737309599268791,3.7314081534079016,-0.047245977426734136,0.5130948771160952,0.3413539627830792,1,0.9856568973412823
ENSG00000115085,0.146420233463035,0.26041147,4.517779168675671,2.303425378374796,0.0768890421755943,0.5622649141704067,1.9613308124021942,0,0.1585721886776019
